username,email,first_name,last_name
mfenich0,mfenich0@privacy.gov.au,Michele,Fenich
sarmit1,sarmit1@bing.com,Saunders,Armit
dkilmister2,dkilmister2@telegraph.co.uk,Dorian,Kilmister
ahay3,ahay3@cmu.edu,Andriana,Hay
fthorneywork4,fthorneywork4@theguardian.com,Francene,Thorneywork
mgaler5,mgaler5@rakuten.co.jp,Mitch,Galer
bhazelhurst6,bhazelhurst6@amazonaws.com,Bobina,Hazelhurst
jbaxstare7,jbaxstare7@unblog.fr,Jen,Baxstare
ibockmaster8,ibockmaster8@comsenz.com,Inessa,Bockmaster
hkrause9,hkrause9@issuu.com,Halsy,Krause
kgotmanna,kgotmanna@dmoz.org,Keely,Gotmann
zpillerb,zpillerb@tripadvisor.com,Zerk,Piller
hstickellsc,hstickellsc@wordpress.org,Hakim,Stickells
wtinnd,wtinnd@deviantart.com,Wald,Tinn
edelchecoloe,edelchecoloe@myspace.com,Ephraim,Del Checolo
phanhardf,phanhardf@shop-pro.jp,Paxton,Hanhard
fgerramg,fgerramg@cdbaby.com,Fallon,Gerram
bwaitonh,bwaitonh@163.com,Beilul,Waiton
cfitzjohni,cfitzjohni@npr.org,Carina,Fitzjohn
dalldreadj,dalldreadj@lycos.com,Dotty,Alldread
diacoviellik,diacoviellik@live.com,Darelle,Iacovielli
jbennelll,jbennelll@dailymail.co.uk,Jacinda,Bennell
adannohlm,adannohlm@nyu.edu,Aldric,Dannohl
dhenaughann,dhenaughann@icq.com,Dori,Henaughan
mrelfo,mrelfo@jugem.jp,Meredithe,Relf
sduganp,sduganp@tripod.com,Sara-ann,Dugan
jmenichiniq,jmenichiniq@123-reg.co.uk,Jennica,Menichini
egeorgelr,egeorgelr@google.com.au,Eileen,Georgel
ctillots,ctillots@wikimedia.org,Cari,Tillot
cabadt,cabadt@chron.com,Claribel,Abad
dcoopeyu,dcoopeyu@fotki.com,Dore,Coopey
amckeefryv,amckeefryv@mashable.com,Annnora,McKeefry
bwabyw,bwabyw@blogtalkradio.com,Britte,Waby
etennickx,etennickx@vimeo.com,Ebeneser,Tennick
lbaudassoy,lbaudassoy@google.ca,Lyndy,Baudasso
jgoslinz,jgoslinz@icq.com,Jody,Goslin
rforrestall10,rforrestall10@chron.com,Rad,Forrestall
sguiet11,sguiet11@dropbox.com,Simonne,Guiet
hbruyntjes12,hbruyntjes12@amazon.co.jp,Hedvige,Bruyntjes
darrandale13,darrandale13@storify.com,Dacey,Arrandale
tcoddington14,tcoddington14@discovery.com,Thekla,Coddington
ncressingham15,ncressingham15@reference.com,Nikaniki,Cressingham
vcalvard16,vcalvard16@ask.com,Verina,Calvard
mdearlepalser17,mdearlepalser17@archive.org,Moritz,Dearle-Palser
fhalstead18,fhalstead18@google.cn,Farand,Halstead
rjager19,rjager19@statcounter.com,Rebbecca,Jager
cthorius1a,cthorius1a@boston.com,Corrie,Thorius
nkurdani1b,nkurdani1b@cargocollective.com,Nefen,Kurdani
ghawtrey1c,ghawtrey1c@techcrunch.com,Godart,Hawtrey
dkinnier1d,dkinnier1d@washingtonpost.com,Doralynne,Kinnier
